,ProductID,ProductType,ProductionDate,ProductionCost,CountryOfOrigin,QuantityProduced,WarehouseLocation
0,1,Electronics,2023-01-01,15657,Germany,614,East
1,2,Furniture,2023-01-02,13271,Germany,513,North
2,3,Electronics,2023-01-03,1370,China,524,West
3,4,Electronics,2023-01-04,10795,India,384,North
4,5,Electronics,2023-01-05,14586,USA,963,West
5,6,Textiles,2023-01-06,19610,Japan,753,East
6,7,Machinery,2023-01-07,9506,USA,748,North
7,8,Textiles,2023-01-08,5634,Japan,731,West
8,9,Textiles,2023-01-09,17471,India,830,North
9,10,Automobiles,2023-01-10,18558,China,532,South
10,11,Textiles,2023-01-11,9417,India,111,North
11,12,Furniture,2023-01-12,18672,India,746,East
12,13,Machinery,2023-01-13,11675,Germany,649,West
13,14,Furniture,2023-01-14,19746,USA,112,West
14,15,Machinery,2023-01-15,5378,Japan,371,East
15,16,Electronics,2023-01-16,7119,Japan,354,East
16,17,Automobiles,2023-01-17,4931,Japan,969,East
17,18,Machinery,2023-01-18,16406,India,386,West
18,19,Machinery,2023-01-19,8470,Japan,249,North
19,20,Textiles,2023-01-20,14410,China,769,South
20,21,Textiles,2023-01-21,1074,USA,139,West
21,22,Electronics,2023-01-22,6316,Germany,335,North
22,23,Textiles,2023-01-23,11434,India,743,South
23,24,Automobiles,2023-01-24,16701,USA,293,South
24,25,Automobiles,2023-01-25,4186,India,122,North
25,26,Textiles,2023-01-26,12136,India,187,East
26,27,Automobiles,2023-01-27,3781,USA,579,East
27,28,Electronics,2023-01-28,9161,India,520,East
28,29,Furniture,2023-01-29,18340,Germany,614,West
29,30,Furniture,2023-01-30,7004,Germany,714,West
30,31,Machinery,2023-01-31,18006,USA,206,West
31,32,Furniture,2023-02-01,2390,China,291,East
32,33,Textiles,2023-02-02,1526,China,677,West
33,34,Electronics,2023-02-03,15343,Germany,436,East
34,35,Electronics,2023-02-04,5654,India,602,East
35,36,Machinery,2023-02-05,9123,Germany,349,West
36,37,Furniture,2023-02-06,2072,Japan,969,East
37,38,Textiles,2023-02-07,10975,Germany,642,North
38,39,Machinery,2023-02-08,17038,China,343,East
39,40,Machinery,2023-02-09,12781,Japan,268,West
40,41,Automobiles,2023-02-10,14917,China,777,West
41,42,Textiles,2023-02-11,15419,Japan,767,South
42,43,Machinery,2023-02-12,11702,USA,431,West
43,44,Furniture,2023-02-13,3364,Japan,656,East
44,45,Textiles,2023-02-14,13718,Germany,905,West
45,46,Textiles,2023-02-15,14811,India,996,West
46,47,Textiles,2023-02-16,3749,India,833,East
47,48,Electronics,2023-02-17,5742,Japan,997,South
48,49,Furniture,2023-02-18,1777,India,776,West
49,50,Electronics,2023-02-19,5983,USA,461,East
50,51,Electronics,2023-02-20,1898,USA,308,South
51,52,Machinery,2023-02-21,4367,Japan,905,North
52,53,Electronics,2023-02-22,7833,Germany,657,South
53,54,Electronics,2023-02-23,6809,Germany,944,South
54,55,Furniture,2023-02-24,8426,Japan,740,West
55,56,Textiles,2023-02-25,14306,China,450,West
56,57,Electronics,2023-02-26,14682,Japan,139,East
57,58,Machinery,2023-02-27,2393,Germany,249,East
58,59,Furniture,2023-02-28,10455,USA,853,West
59,60,Machinery,2023-03-01,18524,India,293,North
60,61,Textiles,2023-03-02,15743,Japan,699,West
61,62,Automobiles,2023-03-03,4710,Japan,575,North
62,63,Automobiles,2023-03-04,5880,India,494,East
63,64,Textiles,2023-03-05,18845,China,984,South
64,65,Textiles,2023-03-06,17022,India,149,North
65,66,Textiles,2023-03-07,13226,Japan,864,West
66,67,Machinery,2023-03-08,8965,Japan,900,East
67,68,Electronics,2023-03-09,19887,USA,202,North
68,69,Textiles,2023-03-10,10348,USA,524,West
69,70,Automobiles,2023-03-11,11408,India,653,West
70,71,Furniture,2023-03-12,2066,Japan,454,West
71,72,Automobiles,2023-03-13,9241,China,322,South
72,73,Textiles,2023-03-14,15298,India,973,East
73,74,Machinery,2023-03-15,5307,Germany,299,West
74,75,Machinery,2023-03-16,7850,USA,816,West
75,76,Machinery,2023-03-17,13264,Germany,773,West
76,77,Furniture,2023-03-18,5878,Japan,124,West
77,78,Automobiles,2023-03-19,17227,USA,321,East
78,79,Textiles,2023-03-20,14563,Japan,380,North
79,80,Furniture,2023-03-21,19750,USA,372,North
80,81,Textiles,2023-03-22,4529,USA,123,East
81,82,Textiles,2023-03-23,8489,Germany,511,North
82,83,Automobiles,2023-03-24,10048,Japan,434,East
83,84,Automobiles,2023-03-25,17454,China,231,East
84,85,Furniture,2023-03-26,17305,USA,630,West
85,86,Textiles,2023-03-27,14940,Japan,448,South
86,87,Electronics,2023-03-28,6051,Japan,986,East
87,88,Automobiles,2023-03-29,2726,Japan,523,North
88,89,Electronics,2023-03-30,10623,China,762,North
89,90,Electronics,2023-03-31,19969,China,392,East
90,91,Electronics,2023-04-01,12839,USA,337,East
91,92,Machinery,2023-04-02,19675,USA,391,West
92,93,Furniture,2023-04-03,8235,USA,921,North
93,94,Furniture,2023-04-04,12133,USA,536,West
94,95,Automobiles,2023-04-05,19616,India,605,East
95,96,Automobiles,2023-04-06,7009,China,669,North
96,97,Furniture,2023-04-07,7026,Germany,351,South
97,98,Automobiles,2023-04-08,7923,India,484,South
98,99,Textiles,2023-04-09,2872,China,362,East
99,100,Textiles,2023-04-10,10145,USA,681,North
100,101,Automobiles,2023-04-11,11425,China,572,East
101,102,Machinery,2023-04-12,2589,Germany,934,East
102,103,Textiles,2023-04-13,18970,China,313,North
103,104,Machinery,2023-04-14,11104,China,859,North
104,105,Automobiles,2023-04-15,1957,USA,259,East
105,106,Automobiles,2023-04-16,5208,Germany,417,East
106,107,Automobiles,2023-04-17,13433,USA,913,South
107,108,Automobiles,2023-04-18,3470,Japan,234,West
108,109,Automobiles,2023-04-19,18116,USA,676,West
109,110,Textiles,2023-04-20,14831,Japan,332,South
110,111,Electronics,2023-04-21,8079,Germany,789,West
111,112,Textiles,2023-04-22,10122,Germany,657,West
112,113,Machinery,2023-04-23,9535,India,494,West
113,114,Textiles,2023-04-24,1500,India,328,South
114,115,Furniture,2023-04-25,14467,USA,912,East
115,116,Machinery,2023-04-26,3640,China,672,South
116,117,Furniture,2023-04-27,5737,China,632,East
117,118,Machinery,2023-04-28,6155,Germany,858,North
118,119,Electronics,2023-04-29,16096,Japan,888,South
119,120,Electronics,2023-04-30,13363,India,830,West
120,121,Electronics,2023-05-01,19459,Germany,963,North
121,122,Automobiles,2023-05-02,2701,Japan,481,North
122,123,Electronics,2023-05-03,8248,India,949,West
123,124,Automobiles,2023-05-04,10282,Germany,555,North
124,125,Textiles,2023-05-05,5321,India,636,West
125,126,Electronics,2023-05-06,10913,Japan,895,West
126,127,Furniture,2023-05-07,7416,India,627,North
127,128,Furniture,2023-05-08,13241,India,662,East
128,129,Machinery,2023-05-09,9469,China,538,South
129,130,Textiles,2023-05-10,13064,USA,759,West
130,131,Furniture,2023-05-11,15699,Germany,552,East
131,132,Textiles,2023-05-12,4239,India,172,South
132,133,Textiles,2023-05-13,19510,India,482,West
133,134,Automobiles,2023-05-14,4254,China,540,East
134,135,Furniture,2023-05-15,5384,China,290,North
135,136,Textiles,2023-05-16,18038,China,784,North
136,137,Machinery,2023-05-17,4672,USA,429,North
137,138,Textiles,2023-05-18,9542,China,154,South
138,139,Textiles,2023-05-19,10367,Japan,896,East
139,140,Textiles,2023-05-20,12814,Japan,164,East
140,141,Textiles,2023-05-21,17726,Germany,749,West
141,142,Furniture,2023-05-22,16985,USA,656,West
142,143,Electronics,2023-05-23,4860,Germany,283,East
143,144,Machinery,2023-05-24,6638,Germany,722,West
144,145,Furniture,2023-05-25,18562,USA,450,West
145,146,Automobiles,2023-05-26,7438,Japan,874,South
146,147,Textiles,2023-05-27,19060,Japan,810,North
147,148,Furniture,2023-05-28,8589,China,830,West
148,149,Textiles,2023-05-29,9081,China,726,South
149,150,Machinery,2023-05-30,8311,Germany,847,East
150,151,Furniture,2023-05-31,1775,USA,956,West
151,152,Electronics,2023-06-01,17137,Japan,161,West
152,153,Textiles,2023-06-02,14636,Germany,936,North
153,154,Electronics,2023-06-03,14898,Germany,541,West
154,155,Machinery,2023-06-04,11584,USA,623,West
155,156,Electronics,2023-06-05,4401,Germany,542,North
156,157,Machinery,2023-06-06,11977,India,439,West
157,158,Textiles,2023-06-07,15513,USA,320,East
158,159,Automobiles,2023-06-08,6923,USA,629,North
159,160,Electronics,2023-06-09,8990,Japan,868,South
160,161,Automobiles,2023-06-10,14474,Japan,196,West
161,162,Automobiles,2023-06-11,9479,USA,509,East
162,163,Automobiles,2023-06-12,4819,India,432,West
163,164,Machinery,2023-06-13,17565,India,582,North
164,165,Machinery,2023-06-14,8285,Japan,669,South
165,166,Textiles,2023-06-15,7544,China,951,East
166,167,Textiles,2023-06-16,8402,Germany,185,North
167,168,Machinery,2023-06-17,7242,Japan,721,South
168,169,Machinery,2023-06-18,4574,China,329,West
169,170,Automobiles,2023-06-19,17077,China,692,West
170,171,Furniture,2023-06-20,16803,India,932,North
171,172,Textiles,2023-06-21,6747,India,377,North
172,173,Machinery,2023-06-22,9724,Germany,793,South
173,174,Automobiles,2023-06-23,1487,China,850,East
174,175,Textiles,2023-06-24,10777,India,807,East
175,176,Electronics,2023-06-25,18560,USA,508,East
176,177,Automobiles,2023-06-26,11680,China,402,East
177,178,Automobiles,2023-06-27,3625,USA,596,West
178,179,Textiles,2023-06-28,6426,USA,301,North
179,180,Electronics,2023-06-29,13238,USA,756,West
180,181,Furniture,2023-06-30,8007,India,844,West
181,182,Electronics,2023-07-01,9144,India,510,South
182,183,Furniture,2023-07-02,16134,China,129,South
183,184,Furniture,2023-07-03,8768,Japan,606,West
184,185,Machinery,2023-07-04,9658,Japan,324,East
185,186,Automobiles,2023-07-05,17558,China,827,East
186,187,Automobiles,2023-07-06,10915,Germany,843,West
187,188,Textiles,2023-07-07,15274,Japan,624,South
188,189,Automobiles,2023-07-08,9577,India,360,West
189,190,Automobiles,2023-07-09,13689,USA,757,West
190,191,Textiles,2023-07-10,17313,Germany,538,West
191,192,Electronics,2023-07-11,8777,China,369,West
192,193,Furniture,2023-07-12,1616,USA,738,North
193,194,Electronics,2023-07-13,18673,Japan,886,West
194,195,Automobiles,2023-07-14,6142,India,283,South
195,196,Machinery,2023-07-15,10435,USA,515,South
196,197,Machinery,2023-07-16,11722,India,435,East
197,198,Electronics,2023-07-17,10761,India,162,East
198,199,Furniture,2023-07-18,6131,China,495,West
199,200,Textiles,2023-07-19,14737,Japan,266,South
200,201,Electronics,2023-07-20,15939,USA,280,North
201,202,Textiles,2023-07-21,8246,Japan,820,North
202,203,Automobiles,2023-07-22,8656,Germany,120,West
203,204,Machinery,2023-07-23,16430,China,490,East
204,205,Automobiles,2023-07-24,19865,China,802,North
205,206,Automobiles,2023-07-25,15621,USA,553,West
206,207,Machinery,2023-07-26,8070,Japan,430,North
207,208,Machinery,2023-07-27,12141,Germany,188,North
208,209,Automobiles,2023-07-28,9823,China,200,East
209,210,Textiles,2023-07-29,5359,USA,253,West
210,211,Automobiles,2023-07-30,12470,India,916,South
211,212,Machinery,2023-07-31,19213,India,239,North
212,213,Textiles,2023-08-01,17374,Japan,689,North
213,214,Textiles,2023-08-02,8841,Germany,572,East
214,215,Automobiles,2023-08-03,19502,India,484,East
215,216,Automobiles,2023-08-04,6048,Germany,584,West
216,217,Automobiles,2023-08-05,3017,China,835,East
217,218,Textiles,2023-08-06,13928,Japan,979,North
218,219,Machinery,2023-08-07,4577,China,797,West
219,220,Automobiles,2023-08-08,6767,Japan,710,South
220,221,Textiles,2023-08-09,2106,Japan,713,North
221,222,Automobiles,2023-08-10,8855,India,608,North
222,223,Textiles,2023-08-11,13283,India,193,West
223,224,Textiles,2023-08-12,14867,Japan,302,South
224,225,Machinery,2023-08-13,7935,India,981,North
225,226,Furniture,2023-08-14,17711,Germany,437,West
226,227,Machinery,2023-08-15,15101,Germany,877,North
227,228,Electronics,2023-08-16,15737,USA,485,West
228,229,Textiles,2023-08-17,12828,China,407,West
229,230,Furniture,2023-08-18,19457,China,213,South
230,231,Automobiles,2023-08-19,12015,China,757,West
231,232,Furniture,2023-08-20,19760,USA,354,North
232,233,Textiles,2023-08-21,2934,Germany,448,South
233,234,Furniture,2023-08-22,3785,Germany,217,South
234,235,Automobiles,2023-08-23,9912,USA,117,West
235,236,Electronics,2023-08-24,13626,China,867,South
236,237,Machinery,2023-08-25,10506,Germany,691,East
237,238,Textiles,2023-08-26,5655,China,846,South
238,239,Furniture,2023-08-27,6925,China,161,North
239,240,Automobiles,2023-08-28,3432,USA,122,North
240,241,Automobiles,2023-08-29,6736,Japan,320,West
241,242,Electronics,2023-08-30,7833,Germany,845,North
242,243,Machinery,2023-08-31,4488,Japan,233,North
243,244,Automobiles,2023-09-01,13066,India,126,South
244,245,Textiles,2023-09-02,17740,USA,643,South
245,246,Electronics,2023-09-03,19639,Japan,641,West
246,247,Electronics,2023-09-04,3752,Japan,219,South
247,248,Furniture,2023-09-05,13991,USA,718,North
248,249,Textiles,2023-09-06,9454,India,130,South
249,250,Automobiles,2023-09-07,11205,USA,983,West
250,251,Furniture,2023-09-08,16953,India,467,East
251,252,Electronics,2023-09-09,18897,USA,638,West
252,253,Furniture,2023-09-10,12133,Japan,657,East
253,254,Furniture,2023-09-11,14807,China,404,West
254,255,Textiles,2023-09-12,16372,USA,887,South
255,256,Electronics,2023-09-13,9471,Germany,639,North
256,257,Electronics,2023-09-14,5938,China,220,East
257,258,Furniture,2023-09-15,6612,India,136,West
258,259,Automobiles,2023-09-16,9375,Germany,395,North
259,260,Furniture,2023-09-17,7521,India,828,South
260,261,Textiles,2023-09-18,17649,India,915,North
261,262,Textiles,2023-09-19,4234,India,997,North
262,263,Textiles,2023-09-20,1044,Germany,456,South
263,264,Furniture,2023-09-21,16817,Germany,290,West
264,265,Furniture,2023-09-22,4720,Japan,859,North
265,266,Automobiles,2023-09-23,4688,USA,450,North
266,267,Electronics,2023-09-24,7865,India,792,South
267,268,Furniture,2023-09-25,16094,Germany,258,South
268,269,Textiles,2023-09-26,6047,USA,756,South
269,270,Automobiles,2023-09-27,15174,India,184,West
270,271,Furniture,2023-09-28,10829,USA,544,South
271,272,Electronics,2023-09-29,13227,India,166,West
272,273,Electronics,2023-09-30,16678,Germany,461,South
273,274,Textiles,2023-10-01,12726,China,308,West
274,275,Machinery,2023-10-02,12329,Japan,639,North
275,276,Textiles,2023-10-03,14436,USA,655,East
276,277,Furniture,2023-10-04,6946,Germany,514,North
277,278,Automobiles,2023-10-05,14251,Germany,374,West
278,279,Machinery,2023-10-06,6524,China,977,East
279,280,Textiles,2023-10-07,13166,China,246,West
280,281,Automobiles,2023-10-08,5765,Germany,208,West
281,282,Textiles,2023-10-09,13949,USA,564,West
282,283,Automobiles,2023-10-10,8639,India,694,West
283,284,Machinery,2023-10-11,12600,Germany,398,East
284,285,Textiles,2023-10-12,7313,China,409,West
285,286,Furniture,2023-10-13,11394,China,409,South
286,287,Textiles,2023-10-14,17871,USA,975,West
287,288,Textiles,2023-10-15,1568,Germany,859,West
288,289,Furniture,2023-10-16,9562,USA,932,North
289,290,Textiles,2023-10-17,6946,China,899,East
290,291,Electronics,2023-10-18,13960,Germany,516,North
291,292,Electronics,2023-10-19,11993,USA,896,North
292,293,Furniture,2023-10-20,2524,USA,925,South
293,294,Textiles,2023-10-21,16343,Germany,702,South
294,295,Machinery,2023-10-22,6578,India,848,East
295,296,Furniture,2023-10-23,12954,China,306,South
296,297,Furniture,2023-10-24,17437,Germany,166,South
297,298,Furniture,2023-10-25,8261,USA,114,West
298,299,Textiles,2023-10-26,10541,India,326,East
299,300,Automobiles,2023-10-27,7043,Japan,300,South
300,301,Textiles,2023-10-28,17379,Germany,575,East
301,302,Furniture,2023-10-29,4482,China,928,North
302,303,Textiles,2023-10-30,12926,India,612,West
303,304,Furniture,2023-10-31,9940,USA,177,East
304,305,Textiles,2023-11-01,12885,USA,533,East
305,306,Automobiles,2023-11-02,12135,China,178,West
306,307,Automobiles,2023-11-03,9635,Japan,659,North
307,308,Textiles,2023-11-04,1999,China,332,West
308,309,Furniture,2023-11-05,1679,Germany,749,North
309,310,Textiles,2023-11-06,7911,Germany,275,West
310,311,Automobiles,2023-11-07,5966,Japan,789,East
311,312,Textiles,2023-11-08,19704,China,945,South
312,313,Furniture,2023-11-09,14068,USA,480,East
313,314,Electronics,2023-11-10,8053,USA,134,East
314,315,Electronics,2023-11-11,8038,India,668,North
315,316,Automobiles,2023-11-12,8020,India,646,South
316,317,Machinery,2023-11-13,16174,Japan,133,East
317,318,Electronics,2023-11-14,10678,India,464,East
318,319,Textiles,2023-11-15,1722,Germany,730,South
319,320,Furniture,2023-11-16,3428,USA,713,North
320,321,Electronics,2023-11-17,19337,Germany,466,West
321,322,Automobiles,2023-11-18,8241,USA,889,North
322,323,Machinery,2023-11-19,15623,Germany,812,North
323,324,Automobiles,2023-11-20,7780,China,335,South
324,325,Textiles,2023-11-21,10585,China,658,South
325,326,Automobiles,2023-11-22,11793,Japan,911,East
326,327,Machinery,2023-11-23,3678,China,992,West
327,328,Electronics,2023-11-24,4397,Japan,649,East
328,329,Machinery,2023-11-25,4369,Japan,361,West
329,330,Electronics,2023-11-26,17843,India,938,West
330,331,Automobiles,2023-11-27,5858,Japan,345,North
331,332,Electronics,2023-11-28,18326,India,129,West
332,333,Electronics,2023-11-29,14679,India,664,East
333,334,Automobiles,2023-11-30,13283,China,737,South
334,335,Electronics,2023-12-01,14168,India,158,North
335,336,Furniture,2023-12-02,9562,USA,177,North
336,337,Electronics,2023-12-03,4726,India,676,West
337,338,Furniture,2023-12-04,15286,Japan,585,North
338,339,Textiles,2023-12-05,16693,Germany,705,South
339,340,Textiles,2023-12-06,12134,India,132,East
340,341,Furniture,2023-12-07,8046,India,459,West
341,342,Machinery,2023-12-08,17617,China,414,West
342,343,Automobiles,2023-12-09,10413,Germany,900,South
343,344,Electronics,2023-12-10,16621,USA,115,East
344,345,Machinery,2023-12-11,14661,India,402,South
345,346,Automobiles,2023-12-12,16120,Japan,659,North
346,347,Furniture,2023-12-13,8697,USA,593,West
347,348,Textiles,2023-12-14,1728,Germany,438,East
348,349,Automobiles,2023-12-15,3512,Japan,936,West
349,350,Electronics,2023-12-16,3457,Germany,308,South
350,351,Textiles,2023-12-17,4506,Japan,953,East
351,352,Electronics,2023-12-18,15145,Germany,584,North
352,353,Automobiles,2023-12-19,14620,USA,584,South
353,354,Textiles,2023-12-20,10934,India,406,South
354,355,Furniture,2023-12-21,2004,Germany,730,West
355,356,Textiles,2023-12-22,7810,China,759,East
356,357,Automobiles,2023-12-23,4766,India,724,West
357,358,Furniture,2023-12-24,6140,China,875,South
358,359,Textiles,2023-12-25,7541,USA,694,West
359,360,Automobiles,2023-12-26,18260,USA,210,East
360,361,Automobiles,2023-12-27,2822,India,612,East
361,362,Automobiles,2023-12-28,13803,Germany,800,East
362,363,Machinery,2023-12-29,11004,China,160,South
363,364,Automobiles,2023-12-30,6446,Japan,350,East
364,365,Furniture,2023-12-31,14587,China,115,South
365,366,Furniture,2024-01-01,6909,China,232,East
366,367,Electronics,2024-01-02,17456,Germany,103,South
367,368,Textiles,2024-01-03,8226,India,310,South
368,369,Automobiles,2024-01-04,4404,USA,900,North
369,370,Automobiles,2024-01-05,8157,Japan,224,West
370,371,Textiles,2024-01-06,16357,China,642,South
371,372,Electronics,2024-01-07,14052,China,881,West
372,373,Furniture,2024-01-08,18953,Japan,879,South
373,374,Machinery,2024-01-09,3557,Japan,894,East
374,375,Electronics,2024-01-10,19011,India,528,West
375,376,Textiles,2024-01-11,1283,Japan,782,West
376,377,Furniture,2024-01-12,19566,Germany,339,North
377,378,Electronics,2024-01-13,17260,China,959,West
378,379,Machinery,2024-01-14,11958,India,689,West
379,380,Textiles,2024-01-15,16145,India,194,West
380,381,Furniture,2024-01-16,11423,India,418,East
381,382,Automobiles,2024-01-17,14965,Germany,386,East
382,383,Electronics,2024-01-18,4030,USA,402,East
383,384,Electronics,2024-01-19,10845,India,416,South
384,385,Automobiles,2024-01-20,14044,China,465,West
385,386,Automobiles,2024-01-21,15615,Japan,855,South
386,387,Furniture,2024-01-22,19050,Japan,946,South
387,388,Automobiles,2024-01-23,4315,Japan,799,North
388,389,Machinery,2024-01-24,12391,USA,930,East
389,390,Textiles,2024-01-25,17704,Germany,572,West
390,391,Machinery,2024-01-26,14834,Japan,654,North
391,392,Electronics,2024-01-27,5119,Japan,391,South
392,393,Automobiles,2024-01-28,11612,USA,815,South
393,394,Furniture,2024-01-29,8267,India,535,West
394,395,Electronics,2024-01-30,6896,China,572,West
395,396,Electronics,2024-01-31,19233,Germany,638,North
396,397,Automobiles,2024-02-01,12677,Japan,141,South
397,398,Electronics,2024-02-02,7307,Japan,231,East
398,399,Automobiles,2024-02-03,12353,China,278,East
399,400,Textiles,2024-02-04,8333,USA,440,North
400,401,Automobiles,2024-02-05,18886,Japan,328,East
401,402,Textiles,2024-02-06,2253,China,336,South
402,403,Automobiles,2024-02-07,1548,China,380,West
403,404,Furniture,2024-02-08,1148,USA,544,South
404,405,Electronics,2024-02-09,13281,USA,676,West
405,406,Automobiles,2024-02-10,17521,Japan,418,West
406,407,Furniture,2024-02-11,7093,Japan,239,West
407,408,Textiles,2024-02-12,14064,Germany,839,South
408,409,Electronics,2024-02-13,19668,India,855,North
409,410,Electronics,2024-02-14,6487,Germany,318,South
410,411,Automobiles,2024-02-15,10074,USA,627,West
411,412,Electronics,2024-02-16,4405,India,164,North
412,413,Automobiles,2024-02-17,17326,India,738,South
413,414,Textiles,2024-02-18,18251,Japan,736,West
414,415,Furniture,2024-02-19,12629,Germany,351,South
415,416,Automobiles,2024-02-20,13988,Japan,375,West
416,417,Furniture,2024-02-21,12686,Japan,758,South
417,418,Electronics,2024-02-22,13797,India,412,North
418,419,Machinery,2024-02-23,10332,Germany,102,West
419,420,Electronics,2024-02-24,10919,Germany,247,West
420,421,Machinery,2024-02-25,10556,China,164,South
421,422,Electronics,2024-02-26,5720,China,653,South
422,423,Furniture,2024-02-27,5655,Germany,743,East
423,424,Automobiles,2024-02-28,15122,USA,502,East
424,425,Furniture,2024-02-29,8011,Germany,552,East
425,426,Furniture,2024-03-01,12472,China,822,South
426,427,Furniture,2024-03-02,9647,USA,749,South
427,428,Electronics,2024-03-03,10142,Japan,389,East
428,429,Machinery,2024-03-04,14505,Germany,827,East
429,430,Electronics,2024-03-05,10107,Germany,244,South
430,431,Electronics,2024-03-06,15083,India,929,East
431,432,Furniture,2024-03-07,18372,India,326,North
432,433,Furniture,2024-03-08,1141,Germany,276,West
433,434,Furniture,2024-03-09,2922,USA,974,East
434,435,Furniture,2024-03-10,10134,Germany,175,West
435,436,Automobiles,2024-03-11,9867,China,883,South
436,437,Textiles,2024-03-12,12515,USA,627,North
437,438,Furniture,2024-03-13,8744,USA,975,West
438,439,Electronics,2024-03-14,16615,India,979,West
439,440,Machinery,2024-03-15,2379,China,198,East
440,441,Furniture,2024-03-16,17603,USA,505,East
441,442,Machinery,2024-03-17,16842,India,709,North
442,443,Machinery,2024-03-18,13644,USA,313,South
443,444,Textiles,2024-03-19,6902,India,942,South
444,445,Automobiles,2024-03-20,2623,India,981,South
445,446,Electronics,2024-03-21,12812,China,122,East
446,447,Furniture,2024-03-22,4712,China,695,South
447,448,Automobiles,2024-03-23,9954,China,662,East
448,449,Machinery,2024-03-24,12253,Germany,797,West
449,450,Textiles,2024-03-25,2942,USA,177,West
450,451,Furniture,2024-03-26,11881,Germany,497,North
451,452,Electronics,2024-03-27,6145,USA,257,East
452,453,Furniture,2024-03-28,1242,Germany,248,South
453,454,Textiles,2024-03-29,10777,India,437,East
454,455,Textiles,2024-03-30,1701,USA,895,North
455,456,Electronics,2024-03-31,11188,Japan,214,East
456,457,Electronics,2024-04-01,13180,USA,418,West
457,458,Electronics,2024-04-02,5947,Japan,809,East
458,459,Automobiles,2024-04-03,18151,India,898,North
459,460,Machinery,2024-04-04,7538,Japan,932,North
460,461,Automobiles,2024-04-05,11153,USA,272,West
461,462,Furniture,2024-04-06,15034,India,748,South
462,463,Electronics,2024-04-07,9658,Japan,349,North
463,464,Furniture,2024-04-08,13687,China,345,North
464,465,Machinery,2024-04-09,7821,Japan,878,North
465,466,Automobiles,2024-04-10,3432,Germany,741,East
466,467,Electronics,2024-04-11,1927,Japan,329,North
467,468,Textiles,2024-04-12,5984,USA,449,North
468,469,Textiles,2024-04-13,11649,Germany,663,East
469,470,Textiles,2024-04-14,2738,China,122,West
470,471,Furniture,2024-04-15,8984,Japan,354,East
471,472,Furniture,2024-04-16,15409,Japan,569,West
472,473,Machinery,2024-04-17,5814,China,131,East
473,474,Automobiles,2024-04-18,14376,India,204,North
474,475,Automobiles,2024-04-19,14647,Germany,525,South
475,476,Machinery,2024-04-20,5408,India,852,East
476,477,Machinery,2024-04-21,18560,Japan,242,West
477,478,Automobiles,2024-04-22,5254,USA,729,North
478,479,Furniture,2024-04-23,13356,India,615,North
479,480,Electronics,2024-04-24,16586,USA,370,North
480,481,Textiles,2024-04-25,6547,China,108,South
481,482,Furniture,2024-04-26,10424,Germany,896,West
482,483,Textiles,2024-04-27,12200,India,961,East
483,484,Textiles,2024-04-28,16790,China,599,North
484,485,Textiles,2024-04-29,2957,China,548,East
485,486,Electronics,2024-04-30,1352,Germany,799,North
486,487,Textiles,2024-05-01,19451,Japan,581,South
487,488,Automobiles,2024-05-02,3493,Japan,396,South
488,489,Machinery,2024-05-03,16882,China,501,East
489,490,Textiles,2024-05-04,12388,Japan,703,South
490,491,Automobiles,2024-05-05,5277,Germany,581,South
491,492,Automobiles,2024-05-06,15850,Germany,398,South
492,493,Machinery,2024-05-07,10654,USA,731,West
493,494,Machinery,2024-05-08,19289,USA,429,North
494,495,Automobiles,2024-05-09,15485,Japan,374,North
495,496,Electronics,2024-05-10,1322,China,844,North
496,497,Textiles,2024-05-11,15666,Japan,513,North
497,498,Machinery,2024-05-12,9906,India,565,East
498,499,Machinery,2024-05-13,7246,China,167,West
499,500,Textiles,2024-05-14,4121,China,340,West
500,501,Machinery,2024-05-15,11346,USA,765,South
501,502,Electronics,2024-05-16,8661,USA,757,North
502,503,Automobiles,2024-05-17,19353,USA,383,East
503,504,Electronics,2024-05-18,8848,USA,596,South
504,505,Machinery,2024-05-19,2670,China,458,South
505,506,Electronics,2024-05-20,3446,USA,927,East
506,507,Furniture,2024-05-21,3049,China,640,West
507,508,Automobiles,2024-05-22,12917,Germany,141,East
508,509,Furniture,2024-05-23,11380,India,111,West
509,510,Automobiles,2024-05-24,9235,India,511,East
510,511,Textiles,2024-05-25,14280,Japan,769,South
511,512,Furniture,2024-05-26,6358,China,576,East
512,513,Automobiles,2024-05-27,11431,China,177,North
513,514,Automobiles,2024-05-28,16451,China,830,West
514,515,Electronics,2024-05-29,5496,Germany,929,South
515,516,Automobiles,2024-05-30,12578,Japan,926,West
516,517,Textiles,2024-05-31,9454,India,382,South
517,518,Automobiles,2024-06-01,10058,India,858,South
518,519,Automobiles,2024-06-02,14703,Japan,154,West
519,520,Automobiles,2024-06-03,2575,Germany,369,East
520,521,Textiles,2024-06-04,7111,Japan,806,North
521,522,Electronics,2024-06-05,1888,India,833,West
522,523,Machinery,2024-06-06,7436,Japan,944,South
523,524,Automobiles,2024-06-07,3269,Germany,719,West
524,525,Electronics,2024-06-08,2062,Germany,433,North
525,526,Electronics,2024-06-09,10632,India,463,North
526,527,Automobiles,2024-06-10,1502,Japan,284,East
527,528,Furniture,2024-06-11,10352,Germany,761,North
528,529,Textiles,2024-06-12,6008,Germany,575,North
529,530,Electronics,2024-06-13,11288,China,495,East
530,531,Electronics,2024-06-14,6225,Germany,306,North
531,532,Furniture,2024-06-15,9814,USA,534,East
532,533,Furniture,2024-06-16,17418,Germany,263,East
533,534,Electronics,2024-06-17,10090,China,679,West
534,535,Textiles,2024-06-18,1936,Germany,963,East
535,536,Electronics,2024-06-19,16540,China,248,East
536,537,Furniture,2024-06-20,17033,Germany,115,East
537,538,Furniture,2024-06-21,6500,Japan,396,East
538,539,Furniture,2024-06-22,15606,Japan,859,South
539,540,Automobiles,2024-06-23,9002,Japan,642,East
540,541,Electronics,2024-06-24,19562,Germany,185,East
541,542,Textiles,2024-06-25,14802,USA,995,East
542,543,Machinery,2024-06-26,5678,USA,736,West
543,544,Textiles,2024-06-27,13726,USA,128,North
544,545,Machinery,2024-06-28,1323,Japan,479,West
545,546,Furniture,2024-06-29,14640,India,660,East
546,547,Automobiles,2024-06-30,15003,India,373,North
547,548,Machinery,2024-07-01,2563,India,665,East
548,549,Textiles,2024-07-02,5929,Japan,318,North
549,550,Automobiles,2024-07-03,3840,Germany,386,East
550,551,Textiles,2024-07-04,9981,USA,524,East
551,552,Automobiles,2024-07-05,16020,USA,598,West
552,553,Furniture,2024-07-06,4616,Japan,473,South
553,554,Automobiles,2024-07-07,18198,India,633,North
554,555,Automobiles,2024-07-08,3727,India,449,West
555,556,Electronics,2024-07-09,12211,India,305,East
556,557,Electronics,2024-07-10,3319,China,795,North
557,558,Furniture,2024-07-11,2072,Germany,893,East
558,559,Furniture,2024-07-12,8976,Japan,169,East
559,560,Textiles,2024-07-13,2593,China,180,West
560,561,Furniture,2024-07-14,18836,USA,331,South
561,562,Electronics,2024-07-15,15239,Germany,846,East
562,563,Furniture,2024-07-16,8992,India,183,West
563,564,Machinery,2024-07-17,16744,Japan,982,South
564,565,Automobiles,2024-07-18,15120,Germany,276,South
565,566,Automobiles,2024-07-19,13696,Germany,254,East
566,567,Electronics,2024-07-20,9842,USA,876,South
567,568,Furniture,2024-07-21,15162,USA,132,West
568,569,Electronics,2024-07-22,5390,Japan,402,South
569,570,Automobiles,2024-07-23,6177,Japan,290,West
570,571,Electronics,2024-07-24,16760,Japan,969,East
571,572,Machinery,2024-07-25,5287,China,503,South
572,573,Furniture,2024-07-26,15369,Germany,706,South
573,574,Machinery,2024-07-27,6737,India,551,West
574,575,Electronics,2024-07-28,6616,China,872,North
575,576,Machinery,2024-07-29,10536,China,892,East
576,577,Electronics,2024-07-30,3691,India,469,South
577,578,Electronics,2024-07-31,10713,Germany,415,North
578,579,Automobiles,2024-08-01,19716,China,786,East
579,580,Machinery,2024-08-02,7071,Japan,311,South
580,581,Textiles,2024-08-03,9843,Japan,135,East
581,582,Electronics,2024-08-04,4571,India,663,East
582,583,Automobiles,2024-08-05,14464,India,509,North
583,584,Automobiles,2024-08-06,17982,Japan,804,West
584,585,Automobiles,2024-08-07,3211,USA,810,South
585,586,Furniture,2024-08-08,12370,China,246,West
586,587,Textiles,2024-08-09,10591,USA,767,East
587,588,Furniture,2024-08-10,19504,China,851,West
588,589,Automobiles,2024-08-11,19010,China,438,North
589,590,Electronics,2024-08-12,2792,Germany,136,West
590,591,Furniture,2024-08-13,15015,Germany,513,South
591,592,Automobiles,2024-08-14,10934,Germany,979,West
592,593,Machinery,2024-08-15,16205,Japan,796,West
593,594,Textiles,2024-08-16,12920,China,310,East
594,595,Machinery,2024-08-17,17711,China,181,East
595,596,Automobiles,2024-08-18,16385,Germany,796,West
596,597,Furniture,2024-08-19,5806,India,677,North
597,598,Automobiles,2024-08-20,8107,Japan,799,East
598,599,Textiles,2024-08-21,19729,USA,998,North
599,600,Automobiles,2024-08-22,17879,Japan,601,West
600,601,Automobiles,2024-08-23,1745,Japan,462,West
601,602,Electronics,2024-08-24,19909,USA,378,North
602,603,Textiles,2024-08-25,18670,China,564,East
603,604,Electronics,2024-08-26,9785,India,227,South
604,605,Furniture,2024-08-27,13180,India,702,East
605,606,Machinery,2024-08-28,5908,China,982,South
606,607,Textiles,2024-08-29,7205,USA,175,North
607,608,Automobiles,2024-08-30,19604,USA,329,West
608,609,Automobiles,2024-08-31,9635,Japan,659,North
609,610,Automobiles,2024-09-01,17422,Japan,528,West
610,611,Automobiles,2024-09-02,17253,China,223,East
611,612,Electronics,2024-09-03,2517,China,383,South
612,613,Electronics,2024-09-04,4703,Germany,736,East
613,614,Furniture,2024-09-05,4607,India,612,North
614,615,Automobiles,2024-09-06,3374,Germany,171,West
615,616,Textiles,2024-09-07,10880,India,777,South
616,617,Electronics,2024-09-08,6453,USA,508,East
617,618,Machinery,2024-09-09,16126,India,225,South
618,619,Electronics,2024-09-10,13114,India,956,West
619,620,Electronics,2024-09-11,4201,Germany,763,North
620,621,Textiles,2024-09-12,5541,India,717,East
621,622,Machinery,2024-09-13,9257,USA,805,East
622,623,Furniture,2024-09-14,6811,China,600,West
623,624,Electronics,2024-09-15,4141,Japan,491,East
624,625,Machinery,2024-09-16,11854,Germany,515,South
625,626,Electronics,2024-09-17,3224,Germany,939,West
626,627,Electronics,2024-09-18,12878,Germany,951,West
627,628,Furniture,2024-09-19,18036,Japan,752,South
628,629,Textiles,2024-09-20,12349,USA,690,North
629,630,Textiles,2024-09-21,13739,Germany,335,West
630,631,Electronics,2024-09-22,16768,USA,517,North
631,632,Automobiles,2024-09-23,16927,India,493,West
632,633,Electronics,2024-09-24,11842,China,773,East
633,634,Electronics,2024-09-25,11686,Germany,539,South
634,635,Machinery,2024-09-26,4799,USA,594,South
635,636,Electronics,2024-09-27,19789,Germany,575,South
636,637,Machinery,2024-09-28,12554,Germany,227,East
637,638,Electronics,2024-09-29,3950,Germany,594,North
638,639,Textiles,2024-09-30,17591,USA,908,West
639,640,Textiles,2024-10-01,17211,Japan,535,West
640,641,Automobiles,2024-10-02,14244,USA,484,North
641,642,Electronics,2024-10-03,17347,India,171,North
642,643,Textiles,2024-10-04,15201,USA,376,East
643,644,Machinery,2024-10-05,17728,China,203,West
644,645,Furniture,2024-10-06,12992,India,591,East
645,646,Furniture,2024-10-07,13672,China,982,East
646,647,Automobiles,2024-10-08,2562,USA,846,South
647,648,Textiles,2024-10-09,3970,Germany,651,South
648,649,Furniture,2024-10-10,4980,USA,568,South
649,650,Furniture,2024-10-11,16584,Germany,740,East
650,651,Furniture,2024-10-12,15317,Japan,508,West
651,652,Furniture,2024-10-13,16264,China,810,South
652,653,Machinery,2024-10-14,17039,China,771,West
653,654,Electronics,2024-10-15,16085,China,174,North
654,655,Furniture,2024-10-16,17871,Germany,723,North
655,656,Machinery,2024-10-17,13235,Germany,373,West
656,657,Furniture,2024-10-18,17169,Germany,584,East
657,658,Automobiles,2024-10-19,1943,India,856,East
658,659,Furniture,2024-10-20,14799,China,534,North
659,660,Electronics,2024-10-21,9154,India,885,North
660,661,Furniture,2024-10-22,6522,India,338,North
661,662,Electronics,2024-10-23,7300,USA,669,West
662,663,Automobiles,2024-10-24,9100,USA,889,East
663,664,Automobiles,2024-10-25,14528,Japan,528,South
664,665,Automobiles,2024-10-26,15023,Germany,478,West
665,666,Textiles,2024-10-27,8292,USA,325,South
666,667,Machinery,2024-10-28,2600,Germany,965,West
667,668,Electronics,2024-10-29,8329,China,305,West
668,669,Automobiles,2024-10-30,8256,China,971,North
669,670,Machinery,2024-10-31,9082,India,287,West
670,671,Machinery,2024-11-01,16349,India,388,West
671,672,Textiles,2024-11-02,16501,India,496,South
672,673,Furniture,2024-11-03,9867,China,765,South
673,674,Textiles,2024-11-04,11432,Japan,337,North
674,675,Machinery,2024-11-05,18569,USA,429,North
675,676,Electronics,2024-11-06,13180,USA,386,West
676,677,Machinery,2024-11-07,12212,USA,100,East
677,678,Furniture,2024-11-08,12011,Japan,692,East
678,679,Automobiles,2024-11-09,12989,Japan,725,North
679,680,Furniture,2024-11-10,3255,Japan,730,South
680,681,Automobiles,2024-11-11,10683,USA,967,West
681,682,Furniture,2024-11-12,15304,USA,319,East
682,683,Electronics,2024-11-13,11599,Germany,730,South
683,684,Automobiles,2024-11-14,7214,Germany,155,West
684,685,Automobiles,2024-11-15,14303,Japan,922,North
685,686,Furniture,2024-11-16,18413,India,699,South
686,687,Textiles,2024-11-17,11381,Japan,990,North
687,688,Furniture,2024-11-18,4195,USA,238,North
688,689,Machinery,2024-11-19,11019,USA,155,North
689,690,Machinery,2024-11-20,9138,USA,612,East
690,691,Machinery,2024-11-21,18893,Germany,687,West
691,692,Machinery,2024-11-22,15979,Germany,594,North
692,693,Machinery,2024-11-23,8139,Japan,949,West
693,694,Automobiles,2024-11-24,7233,India,616,South
694,695,Automobiles,2024-11-25,4098,USA,617,West
695,696,Automobiles,2024-11-26,16661,China,611,North
696,697,Furniture,2024-11-27,12095,USA,536,West
697,698,Furniture,2024-11-28,8760,China,208,West
698,699,Machinery,2024-11-29,11207,India,338,West
699,700,Automobiles,2024-11-30,5006,China,673,South
700,701,Automobiles,2024-12-01,4858,Japan,189,South
701,702,Automobiles,2024-12-02,15168,India,756,South
702,703,Automobiles,2024-12-03,10180,Germany,843,West
703,704,Automobiles,2024-12-04,1835,Germany,390,North
704,705,Textiles,2024-12-05,11319,India,989,West
705,706,Automobiles,2024-12-06,5599,USA,671,West
706,707,Machinery,2024-12-07,19773,Germany,700,East
707,708,Textiles,2024-12-08,10266,China,564,East
708,709,Furniture,2024-12-09,17478,China,358,East
709,710,Electronics,2024-12-10,9206,India,962,East
710,711,Electronics,2024-12-11,7126,China,522,North
711,712,Furniture,2024-12-12,5521,USA,757,North
712,713,Electronics,2024-12-13,12446,India,691,East
713,714,Electronics,2024-12-14,3507,USA,280,West
714,715,Furniture,2024-12-15,7476,Japan,458,West
715,716,Automobiles,2024-12-16,1751,Germany,814,West
716,717,Furniture,2024-12-17,1387,India,601,South
717,718,Electronics,2024-12-18,16129,USA,934,East
718,719,Machinery,2024-12-19,14511,India,707,North
719,720,Textiles,2024-12-20,10079,Japan,106,East
720,721,Furniture,2024-12-21,14638,India,421,West
721,722,Electronics,2024-12-22,14764,Germany,697,South
722,723,Machinery,2024-12-23,9561,India,219,North
723,724,Textiles,2024-12-24,14368,USA,524,East
724,725,Automobiles,2024-12-25,18151,India,337,West
725,726,Machinery,2024-12-26,2781,China,503,South
726,727,Machinery,2024-12-27,3344,Germany,624,North
727,728,Furniture,2024-12-28,9464,Japan,488,North
728,729,Furniture,2024-12-29,2990,China,271,East
729,730,Automobiles,2024-12-30,1827,Japan,359,West
730,731,Textiles,2024-12-31,2191,USA,540,West
731,732,Textiles,2025-01-01,5025,Germany,112,North
732,733,Furniture,2025-01-02,13296,Japan,665,West
733,734,Automobiles,2025-01-03,7749,Japan,867,West
734,735,Machinery,2025-01-04,5746,Germany,297,North
735,736,Textiles,2025-01-05,9410,Japan,139,West
736,737,Machinery,2025-01-06,6207,Germany,483,South
737,738,Automobiles,2025-01-07,10342,India,789,East
738,739,Textiles,2025-01-08,2241,Japan,347,West
739,740,Automobiles,2025-01-09,11960,India,710,West
740,741,Textiles,2025-01-10,16680,Japan,909,West
741,742,Furniture,2025-01-11,11049,India,129,West
742,743,Furniture,2025-01-12,4720,China,890,East
743,744,Furniture,2025-01-13,2796,India,128,East
744,745,Electronics,2025-01-14,4537,Germany,941,South
745,746,Textiles,2025-01-15,1731,Germany,314,East
746,747,Furniture,2025-01-16,6731,India,250,North
747,748,Automobiles,2025-01-17,13395,India,772,East
748,749,Electronics,2025-01-18,2035,USA,471,East
749,750,Electronics,2025-01-19,4762,Germany,420,West
750,751,Furniture,2025-01-20,3227,Japan,974,West
751,752,Machinery,2025-01-21,8984,Germany,406,North
752,753,Furniture,2025-01-22,14929,Germany,473,East
753,754,Furniture,2025-01-23,15263,Japan,700,North
754,755,Electronics,2025-01-24,8685,USA,269,North
755,756,Electronics,2025-01-25,13622,USA,109,East
756,757,Electronics,2025-01-26,9858,Germany,522,East
757,758,Textiles,2025-01-27,2545,India,307,North
758,759,Furniture,2025-01-28,7849,China,989,West
759,760,Textiles,2025-01-29,6339,China,420,East
760,761,Furniture,2025-01-30,3889,India,187,West
761,762,Furniture,2025-01-31,9883,China,961,North
762,763,Electronics,2025-02-01,1851,Japan,110,East
763,764,Automobiles,2025-02-02,11067,USA,971,East
764,765,Machinery,2025-02-03,15202,China,543,North
765,766,Textiles,2025-02-04,1480,Japan,224,South
766,767,Automobiles,2025-02-05,18588,Japan,755,South
767,768,Automobiles,2025-02-06,13547,Japan,212,West
768,769,Electronics,2025-02-07,11245,India,175,East
769,770,Machinery,2025-02-08,3647,Japan,783,South
770,771,Furniture,2025-02-09,4580,Japan,998,North
771,772,Machinery,2025-02-10,6877,China,510,East
772,773,Furniture,2025-02-11,9025,Japan,505,East
773,774,Machinery,2025-02-12,11132,China,996,East
774,775,Electronics,2025-02-13,12279,Germany,151,West
775,776,Electronics,2025-02-14,13037,China,736,South
776,777,Textiles,2025-02-15,4772,India,277,North
777,778,Furniture,2025-02-16,12801,China,418,South
778,779,Automobiles,2025-02-17,10932,USA,142,South
779,780,Electronics,2025-02-18,3444,China,285,West
780,781,Textiles,2025-02-19,7718,Germany,859,West
781,782,Automobiles,2025-02-20,5439,Germany,222,North
782,783,Automobiles,2025-02-21,6856,India,696,South
783,784,Furniture,2025-02-22,1628,China,548,West
784,785,Electronics,2025-02-23,6182,India,257,North
785,786,Automobiles,2025-02-24,9776,China,527,West
786,787,Electronics,2025-02-25,13113,Germany,586,South
787,788,Textiles,2025-02-26,4299,Germany,860,North
788,789,Textiles,2025-02-27,9192,Germany,527,North
789,790,Machinery,2025-02-28,18395,Japan,627,South
790,791,Machinery,2025-03-01,5763,India,141,East
791,792,Automobiles,2025-03-02,8146,India,452,West
792,793,Electronics,2025-03-03,17392,USA,799,South
793,794,Textiles,2025-03-04,14595,USA,384,South
794,795,Furniture,2025-03-05,16407,China,983,South
795,796,Furniture,2025-03-06,1897,USA,628,West
796,797,Automobiles,2025-03-07,9618,Germany,101,East
797,798,Automobiles,2025-03-08,8391,Germany,593,South
798,799,Machinery,2025-03-09,1610,India,458,East
799,800,Automobiles,2025-03-10,16486,China,244,South
800,801,Textiles,2025-03-11,5535,USA,784,South
801,802,Furniture,2025-03-12,12776,Japan,336,South
802,803,Furniture,2025-03-13,9952,India,255,North
803,804,Electronics,2025-03-14,17501,USA,503,South
804,805,Textiles,2025-03-15,13590,USA,355,East
805,806,Textiles,2025-03-16,18553,Germany,249,North
806,807,Automobiles,2025-03-17,14009,India,223,West
807,808,Furniture,2025-03-18,11712,Japan,183,North
808,809,Electronics,2025-03-19,19131,India,244,West
809,810,Electronics,2025-03-20,19280,Germany,619,South
810,811,Electronics,2025-03-21,19742,USA,864,North
811,812,Electronics,2025-03-22,19232,China,457,North
812,813,Electronics,2025-03-23,1331,India,216,South
813,814,Textiles,2025-03-24,10879,Japan,818,North
814,815,Furniture,2025-03-25,4986,USA,312,West
815,816,Furniture,2025-03-26,11417,China,711,East
816,817,Machinery,2025-03-27,17811,USA,275,West
817,818,Electronics,2025-03-28,2655,Japan,932,West
818,819,Furniture,2025-03-29,1973,Germany,401,West
819,820,Machinery,2025-03-30,3416,India,334,North
820,821,Machinery,2025-03-31,8784,Germany,619,East
821,822,Electronics,2025-04-01,13293,India,383,East
822,823,Textiles,2025-04-02,13929,China,471,West
823,824,Electronics,2025-04-03,7467,China,260,South
824,825,Textiles,2025-04-04,15191,India,118,West
825,826,Electronics,2025-04-05,13664,India,240,North
826,827,Machinery,2025-04-06,5000,Germany,698,South
827,828,Electronics,2025-04-07,6290,Japan,329,West
828,829,Automobiles,2025-04-08,3937,USA,491,West
829,830,Electronics,2025-04-09,11288,China,584,East
830,831,Furniture,2025-04-10,9407,Japan,541,South
831,832,Furniture,2025-04-11,12117,Germany,421,West
832,833,Electronics,2025-04-12,4868,Germany,761,North
833,834,Textiles,2025-04-13,16014,China,695,East
834,835,Machinery,2025-04-14,13046,Germany,700,East
835,836,Electronics,2025-04-15,1651,Japan,564,East
836,837,Textiles,2025-04-16,17914,China,975,North
837,838,Electronics,2025-04-17,2472,Japan,238,North
838,839,Automobiles,2025-04-18,9002,Japan,227,East
839,840,Machinery,2025-04-19,7874,USA,152,North
840,841,Automobiles,2025-04-20,8853,India,722,North
841,842,Textiles,2025-04-21,5828,USA,580,South
842,843,Textiles,2025-04-22,9176,Germany,668,North
843,844,Textiles,2025-04-23,12762,China,445,East
844,845,Furniture,2025-04-24,3335,China,299,North
845,846,Furniture,2025-04-25,1998,China,408,North
846,847,Textiles,2025-04-26,5275,China,315,West
847,848,Furniture,2025-04-27,1804,USA,406,West
848,849,Machinery,2025-04-28,4067,Germany,537,North
849,850,Machinery,2025-04-29,9442,Germany,531,South
850,851,Automobiles,2025-04-30,12969,India,485,West
851,852,Machinery,2025-05-01,13128,India,531,West
852,853,Machinery,2025-05-02,8117,USA,258,South
853,854,Textiles,2025-05-03,14004,China,246,East
854,855,Machinery,2025-05-04,2196,China,747,West
855,856,Textiles,2025-05-05,6051,Germany,911,East
856,857,Textiles,2025-05-06,3334,Japan,360,East
857,858,Textiles,2025-05-07,18900,Japan,957,North
858,859,Textiles,2025-05-08,2716,Germany,572,East
859,860,Textiles,2025-05-09,13486,USA,330,North
860,861,Furniture,2025-05-10,10718,Germany,118,West
861,862,Furniture,2025-05-11,13381,China,373,West
862,863,Machinery,2025-05-12,12263,China,110,East
863,864,Machinery,2025-05-13,7943,USA,256,North
864,865,Machinery,2025-05-14,1011,India,464,East
865,866,Textiles,2025-05-15,11564,Germany,602,East
866,867,Furniture,2025-05-16,18965,Germany,607,East
867,868,Electronics,2025-05-17,9518,Japan,712,North
868,869,Textiles,2025-05-18,9829,USA,642,West
869,870,Machinery,2025-05-19,4884,Germany,179,North
870,871,Automobiles,2025-05-20,12841,USA,853,South
871,872,Textiles,2025-05-21,4118,India,220,North
872,873,Electronics,2025-05-22,15063,Germany,809,North
873,874,Furniture,2025-05-23,13485,Germany,702,North
874,875,Automobiles,2025-05-24,8809,Japan,878,North
875,876,Machinery,2025-05-25,15769,USA,325,North
876,877,Electronics,2025-05-26,8881,India,773,South
877,878,Furniture,2025-05-27,6377,India,802,West
878,879,Electronics,2025-05-28,3063,India,411,North
879,880,Electronics,2025-05-29,10984,China,969,East
880,881,Electronics,2025-05-30,15241,USA,194,West
881,882,Furniture,2025-05-31,5553,Japan,145,East
882,883,Machinery,2025-06-01,13934,Japan,527,East
883,884,Textiles,2025-06-02,18113,India,927,South
884,885,Electronics,2025-06-03,2317,China,603,East
885,886,Electronics,2025-06-04,16749,Germany,973,North
886,887,Textiles,2025-06-05,16998,China,634,West
887,888,Electronics,2025-06-06,10328,Japan,874,South
888,889,Machinery,2025-06-07,13498,China,506,North
889,890,Automobiles,2025-06-08,19731,Germany,759,South
890,891,Machinery,2025-06-09,1859,China,550,South
891,892,Electronics,2025-06-10,2358,Japan,560,South
892,893,Machinery,2025-06-11,8470,Japan,306,North
893,894,Textiles,2025-06-12,9109,China,824,West
894,895,Machinery,2025-06-13,1646,Japan,909,West
895,896,Textiles,2025-06-14,8890,Germany,811,South
896,897,Machinery,2025-06-15,9260,China,106,North
897,898,Textiles,2025-06-16,14352,Germany,334,South
898,899,Furniture,2025-06-17,9598,China,682,West
899,900,Machinery,2025-06-18,8668,Japan,473,North
900,901,Textiles,2025-06-19,7066,Germany,112,East
901,902,Machinery,2025-06-20,14122,Germany,143,South
902,903,Machinery,2025-06-21,5844,India,452,North
903,904,Automobiles,2025-06-22,8802,USA,719,West
904,905,Electronics,2025-06-23,8958,China,736,East
905,906,Automobiles,2025-06-24,9529,Germany,386,East
906,907,Automobiles,2025-06-25,11900,Japan,659,North
907,908,Furniture,2025-06-26,12300,China,444,West
908,909,Machinery,2025-06-27,6920,India,242,West
909,910,Electronics,2025-06-28,18032,USA,344,South
910,911,Furniture,2025-06-29,15206,China,460,South
911,912,Textiles,2025-06-30,14783,USA,227,East
912,913,Textiles,2025-07-01,3473,Japan,907,North
913,914,Furniture,2025-07-02,9144,China,881,North
914,915,Furniture,2025-07-03,9062,India,591,East
915,916,Furniture,2025-07-04,2713,Japan,265,South
916,917,Machinery,2025-07-05,8118,Japan,566,North
917,918,Electronics,2025-07-06,10647,Germany,766,West
918,919,Machinery,2025-07-07,19863,Germany,630,South
919,920,Textiles,2025-07-08,18891,China,385,West
920,921,Textiles,2025-07-09,7548,Japan,598,South
921,922,Furniture,2025-07-10,9025,India,945,East
922,923,Automobiles,2025-07-11,15705,Japan,966,North
923,924,Textiles,2025-07-12,3444,Japan,547,South
924,925,Machinery,2025-07-13,11311,India,698,West
925,926,Machinery,2025-07-14,1579,Germany,329,South
926,927,Electronics,2025-07-15,9921,Japan,505,North
927,928,Automobiles,2025-07-16,10932,USA,931,South
928,929,Textiles,2025-07-17,3454,China,896,South
929,930,Furniture,2025-07-18,5137,China,384,East
930,931,Textiles,2025-07-19,11391,China,987,North
931,932,Electronics,2025-07-20,9471,Germany,562,North
932,933,Automobiles,2025-07-21,15869,China,627,East
933,934,Electronics,2025-07-22,3759,Japan,963,East
934,935,Furniture,2025-07-23,4528,USA,316,East
935,936,Furniture,2025-07-24,3459,USA,146,South
936,937,Machinery,2025-07-25,7262,Japan,525,East
937,938,Textiles,2025-07-26,17157,India,625,North
938,939,Furniture,2025-07-27,15667,India,292,West
939,940,Automobiles,2025-07-28,10174,China,136,West
940,941,Textiles,2025-07-29,14922,Germany,124,North
941,942,Electronics,2025-07-30,19334,USA,478,South
942,943,Textiles,2025-07-31,3677,USA,893,East
943,944,Machinery,2025-08-01,1402,India,575,East
944,945,Electronics,2025-08-02,17300,Germany,859,South
945,946,Machinery,2025-08-03,9872,India,267,West
946,947,Furniture,2025-08-04,3201,India,654,South
947,948,Electronics,2025-08-05,12233,China,303,East
948,949,Electronics,2025-08-06,10799,Germany,234,South
949,950,Furniture,2025-08-07,17250,USA,240,East
950,951,Textiles,2025-08-08,17636,China,392,North
951,952,Electronics,2025-08-09,10365,Japan,702,North
952,953,Automobiles,2025-08-10,11803,Japan,408,West
953,954,Electronics,2025-08-11,16838,USA,991,West
954,955,Machinery,2025-08-12,16574,USA,538,North
955,956,Machinery,2025-08-13,6504,India,837,East
956,957,Machinery,2025-08-14,5349,Germany,832,North
957,958,Electronics,2025-08-15,16179,USA,825,East
958,959,Textiles,2025-08-16,9454,India,260,South
959,960,Electronics,2025-08-17,7299,India,955,North
960,961,Machinery,2025-08-18,12357,USA,832,North
961,962,Machinery,2025-08-19,4564,India,482,East
962,963,Electronics,2025-08-20,3110,Japan,207,South
963,964,Electronics,2025-08-21,10741,USA,239,South
964,965,Electronics,2025-08-22,14972,India,661,East
965,966,Textiles,2025-08-23,8084,Germany,956,North
966,967,Automobiles,2025-08-24,13338,Japan,599,East
967,968,Automobiles,2025-08-25,16096,Germany,269,North
968,969,Automobiles,2025-08-26,19433,India,711,West
969,970,Machinery,2025-08-27,2328,China,494,East
970,971,Automobiles,2025-08-28,7639,USA,555,East
971,972,Automobiles,2025-08-29,15231,Germany,264,East
972,973,Furniture,2025-08-30,10954,USA,868,East
973,974,Textiles,2025-08-31,13391,Germany,287,West
974,975,Textiles,2025-09-01,5812,India,136,South
975,976,Automobiles,2025-09-02,18664,Germany,404,North
976,977,Automobiles,2025-09-03,12478,USA,323,South
977,978,Automobiles,2025-09-04,9790,Germany,170,South
978,979,Furniture,2025-09-05,2698,USA,689,West
979,980,Machinery,2025-09-06,19736,USA,102,South
980,981,Furniture,2025-09-07,6029,Japan,377,North
981,982,Furniture,2025-09-08,10283,China,813,East
982,983,Machinery,2025-09-09,8298,China,560,North
983,984,Machinery,2025-09-10,2473,China,515,North
984,985,Electronics,2025-09-11,13042,Japan,702,North
985,986,Furniture,2025-09-12,9952,India,842,North
986,987,Furniture,2025-09-13,15591,USA,109,East
987,988,Textiles,2025-09-14,16194,USA,118,West
988,989,Textiles,2025-09-15,14618,India,489,East
989,990,Textiles,2025-09-16,2577,USA,782,South
990,991,Automobiles,2025-09-17,8199,USA,831,North
991,992,Electronics,2025-09-18,13465,India,694,East
992,993,Electronics,2025-09-19,13180,USA,505,West
993,994,Machinery,2025-09-20,18799,China,559,East
994,995,Textiles,2025-09-21,18774,Germany,260,West
995,996,Electronics,2025-09-22,11599,Germany,764,South
996,997,Electronics,2025-09-23,9692,China,383,North
997,998,Machinery,2025-09-24,15394,India,425,South
998,999,Automobiles,2025-09-25,13387,India,296,South
999,1000,Textiles,2025-09-26,1739,Germany,293,North
